{
  "generator-jhipster": {
    "promptValues": {
      "packageName": "com.vnpt.egov.core",
      "nativeLanguage": "vi"
    },
    "jhipsterVersion": "6.10.4",
    "applicationType": "monolith",
    "baseName": "egovCore",
    "packageName": "com.vnpt.egov.core",
    "packageFolder": "com/vnpt/egov/core",
    "serverPort": "8080",
    "authenticationType": "jwt",
    "cacheProvider": "ehcache",
    "enableHibernateCache": true,
    "websocket": false,
    "databaseType": "sql",
    "devDatabaseType": "mysql",
    "prodDatabaseType": "mysql",
    "searchEngine": "elasticsearch",
    "messageBroker": "kafka",
    "serviceDiscoveryType": "eureka",
    "buildTool": "maven",
    "enableSwaggerCodegen": true,
    "jwtSecretKey": "NDc5MmU4Y2RlOTAyMmY4YzM4NWYyZjM5YzRjYjFmNGJmZDRlZDAwNjBlZDgzMzBlNmRlNjkyOGRjZGY5Mjg0MjRmOWY0OWJmZWM3NTZkMmM2MWVlNGYzYmNmMGFhNTNhNTU5YTVhZTJkY2NiMmQwOTZlNGU5OTYwYmFlNTdjNzg=",
    "embeddableLaunchScript": false,
    "useSass": true,
    "clientPackageManager": "npm",
    "clientFramework": "angularX",
    "clientTheme": "materia",
    "clientThemeVariant": "light",
    "creationTimestamp": 1603938109209,
    "testFrameworks": [],
    "jhiPrefix": "jhi",
    "entitySuffix": "",
    "dtoSuffix": "DTO",
    "otherModules": [],
    "enableTranslation": true,
    "nativeLanguage": "vi",
    "languages": ["vi", "en"],
    "blueprints": []
  }
}
